[
	{"text": "Coding", "value" : "1"}, 
	{"text": "Techonology", "value" : "2"},
	{"text": "Electronics", "value" : "3"},
	{"text": "Robotics", "value" : "4"},
	{"text": "Gaming", "value" : "5"},
	{"text": "Dance", "value" : "6"},
	{"text": "Drama", "value" : "7"},
	{"text": "Music", "value" : "8"},
	{"text": "Singing", "value" : "9"},
	{"text": "Fashion", "value" : "10"},
	{"text": "Painting", "value" : "11"},
	{"text": "Reading", "value" : "12"},
	{"text": "Learning", "value" : "13"},
	{"text": "Comedy", "value" : "14"},
	{"text": "Fitness", "value" : "15"},
	{"text": "Movies", "value" : "16"},
	{"text": "Photography", "value" : "17"},
	{"text": "Shopping", "value" : "18"},
	{"text": "Cricket", "value" : "19"},
	{"text": "Basketball", "value" : "20"},
	{"text": "Football", "value" : "21"},
	{"text": "Social", "value" : "22"},
	{"text": "Travelling", "value" : "23"},
	{"text": "Foodie", "value" : "24"}
]